<?xml version="1.0" encoding="UTF-8" standalone="yes"?>
<addon id="Repository.jio" name="jio.tv" version="7.1.5" provider-name="sanjeev0810">
    <extension point="xbmc.addon.repository" name="Example Repository">
        <dir>
            <info compressed="false">https://raw.githubusercontent.com/sanjeev0810/Repository.jio/master/repo/zips/addons.xml</info>
            <checksum>https://raw.githubusercontent.com/sanjeev0810/Repository.jio/master/repo/zips/addons.xml.md5</checksum>
            <datadir zip="true">https://raw.githubusercontent.com/sanjeev0810/Repository.jio/master/repo/zips/</datadir>
        </dir>
    </extension>
    <extension point="xbmc.addon.metadata">
        <summary>jio.tv</summary>
        <description>DESCRIPTION OF YOUR REPO HERE</description>
        <disclaimer></disclaimer>
        <platform>all</platform>
        <assets>
            <icon>icon.png</icon>
            <fanart>fanart.jpg</fanart>
        </assets>
    </extension>
</addon>